geocodigo;populacao
1100015;25437
1100023;107345
1100031;6224
1100049;88507
1100056;17934
1100064;18467
1100072;8659
1100080;17400
1100098;33030
1100106;47451
1100114;55871
1100122;132667
1100130;38609
1100148;21747
1100155;39759
1100189;38051
1100205;519436
1100254;22124
1100262;3829
1100288;57074
1100296;8198
1100304;95630
1100320;24181
1100338;28891
1100346;16747
1100379;14045
1100403;20916
1100452;39044
1100502;10051
1100601;6460
1100700;14484
1100809;25266
1100908;3550
1100924;10593
1100940;22443
1101005;9745
1101104;10310
1101203;10751
1101302;12258
1101401;16186
1101435;7769
1101450;5904
1101468;2410
1101476;3411
1101484;5994
1101492;19694
1101500;12653
1101559;4931
1101609;11350
1101708;13106
1101757;11149
1101807;8047
1200013;14366
1200054;6986
1200104;24765
1200138;9664
1200179;11136
1200203;82622
1200252;17340
1200302;32360
1200328;7858
1200336;17910
1200344;8886
1200351;17897
1200385;18510
1200393;11353
1200401;383443
1200427;17945
1200435;6230
1200450;21552
1200500;43139
1200609;40024
1200708;18174
1200807;17459
1300029;15908
1300060;11242
1300086;12978
1300102;20196
1300144;21406
1300201;19054
1300300;38454
1300409;27743
1300508;31542
1300607;41329
1300631;18978
1300680;18483
1300706;34176
1300805;40464
1300839;12820
1300904;15490
1301001;28337
1301100;37399
1301159;29190
1301209;84762
1301308;27817
1301407;34888
1301506;19492
1301605;19669
1301654;16339
1301704;53383
1301803;28299
1301852;47407
1301902;99854
1301951;8128
1302009;9125
1302108;4205
1302207;13956
1302306;15824
1302405;44861
1302504;96460
1302553;30222
1302603;2130264
1302702;54708
1302801;18531
1302900;62212
1303007;20902
1303106;36431
1303205;18586
1303304;25112
1303403;113832
1303502;19597
1303536;34574
1303569;32001
1303601;23765
1303700;23075
1303809;44553
1303908;38047
1303957;13421
1304005;9211
1304062;63635
1304104;17930
1304203;62021
1304237;18782
1304260;13428
1304302;16968
1304401;22148
1400027;11560
1400050;15933
1400100;332020
1400159;11945
1400175;16877
1400209;20807
1400233;9493
1400282;10859
1400308;16852
1400407;10527
1400456;12375
1400472;28215
1400506;7740
1400605;7597
1400704;9836
1500107;153380
1500131;7231
1500206;54096
1500305;38144
1500347;26682
1500404;55246
1500503;33195
1500602;111435
1500701;28466
1500800;516057
1500859;27096
1500909;44734
1500958;30471
1501006;15947
1501105;29808
1501204;46110
1501253;3200
1501303;121190
1501402;1452275
1501451;17249
1501501;60990
1501576;16517
1501600;15834
1501709;124184
1501725;14689
1501758;7182
1501782;64194
1501808;99896
1501907;28331
1501956;32947
1502004;23110
1502103;134100
1502152;36027
1502202;67150
1502301;52839
1502400;195253
1502509;23066
1502608;11759
1502707;46571
1502756;32395
1502764;13093
1502772;17453
1502806;33490
1502855;13996
1502905;38959
1502939;58071
1502954;32892
1503002;7009
1503044;19746
1503077;25363
1503093;39352
1503101;32458
1503200;37753
1503309;60994
1503408;11388
1503457;62237
1503507;31673
1503606;98523
1503705;51835
1503754;8059
1503804;57526
1503903;56325
1504000;28138
1504059;29260
1504109;8316
1504208;271594
1504307;28679
1504406;27569
1504422;127858
1504455;30726
1504505;26897
1504604;30277
1504703;79825
1504752;15646
1504802;56466
1504901;39231
1504950;20789
1504976;16221
1505007;14942
1505031;25071
1505064;73802
1505106;50727
1505205;31619
1505304;71078
1505403;17356
1505437;31921
1505486;46383
1505494;7386
1505502;110026
1505536;202356
1505551;5341
1505601;7860
1505635;12632
1505650;30109
1505700;30219
1505809;60322
1505908;39991
1506005;29067
1506104;10534
1506112;13237
1506138;82464
1506161;17705
1506187;50925
1506195;49093
1506203;39569
1506302;23096
1506351;20492
1506401;9845
1506500;68836
1506559;19316
1506583;20849
1506609;24186
1506708;70764
1506807;296302
1506906;6526
1507003;30611
1507102;17563
1507151;24859
1507201;31123
1507300;124806
1507409;15454
1507458;24188
1507466;5970
1507474;22415
1507508;13616
1507607;57364
1507706;25904
1507755;5766
1507805;11357
1507904;24682
1507953;103321
1507961;11399
1507979;18257
1508001;61709
1508035;30108
1508050;18469
1508084;38508
1508100;110516
1508126;57525
1508159;44258
1508209;52216
1508308;59735
1508357;14719
1508407;43530
1600055;5111
1600105;8757
1600154;15125
1600204;10525
1600212;5637
1600238;7270
1600253;5172
1600279;47554
1600303;474706
1600402;20387
1600501;25514
1600535;20611
1600550;4779
1600600;115471
1600709;16112
1600808;14991
1700251;2571
1700301;6460
1700350;5527
1700400;7273
1700707;8516
1701002;9749
1701051;3423
1701101;4726
1701309;5865
1701903;7003
1702000;8692
1702109;175960
1702158;5645
1702208;35216
1702307;6756
1702406;10727
1702554;18089
1702703;3735
1702901;9776
1703008;10752
1703057;3500
1703073;4544
1703107;5643
1703206;4518
1703305;4700
1703602;2199
1703701;5499
1703800;11135
1703826;2276
1703842;9795
1703867;4296
1703883;2555
1703891;4055
1703909;5265
1704105;2866
1704600;1407
1705102;3364
1705508;34839
1705557;4874
1705607;4179
1706001;5529
1706100;7374
1706258;1708
1706506;5988
1707009;21738
1707108;6868
1707207;7286
1707306;4727
1707405;10793
1707553;3879
1707652;5352
1707702;8893
1708205;18684
1708254;2584
1708304;5153
1709005;12973
1709302;25642
1709500;85523
1709807;1955
1710508;7456
1710706;5980
1710904;3772
1711100;2465
1711506;3821
1711803;2229
1711902;12808
1711951;4191
1712009;3092
1712157;1875
1712405;3787
1712454;3038
1712504;5054
1712702;2614
1712801;3409
1713205;19055
1713304;13426
1713601;7770
1713700;2264
1713809;6535
1713957;3507
1714203;9312
1714302;4060
1714880;11715
1715002;4203
1715101;4267
1715150;2353
1715259;2697
1715507;1110
1715705;5859
1715754;7687
1716109;50360
1716208;10562
1716307;4853
1716505;13288
1716604;11591
1716653;5453
1716703;8409
1717008;4520
1717206;3044
1717503;7536
1717800;4645
1717909;7949
1718006;3102
1718204;52828
1718303;8365
1718402;3733
1718451;2650
1718501;4230
1718550;4601
1718659;2061
1718709;2810
1718758;6512
1718808;4579
1718840;3410
1718865;7402
1718881;3356
1718899;2343
1718907;4833
1719004;2825
1720002;2550
1720101;5231
1720150;1571
1720200;11906
1720259;3084
1720309;4749
1720499;4111
1720655;5399
1720804;9192
1720853;1941
1720903;16530
1720937;2130
1720978;2777
1721000;286787
1721109;7460
1721208;23119
1721257;1843
1721307;2574
1722081;11677
1722107;11683
2100055;111339
2100105;6486
2100154;12457
2100204;21673
2100303;26387
2100402;8070
2100436;26872
2100477;31312
2100501;11001
2100550;6895
2100600;41106
2100709;27352
2100808;15696
2100832;18374
2100873;15332
2100907;46074
2100956;32145
2101004;29388
2101103;11975
2101202;103359
2101251;17053
2101301;17435
2101350;5574
2101400;94779
2101509;18619
2101608;87135
2101707;62458
2101731;7422
2101772;11103
2101806;5528
2101905;20881
2101939;5973
2101970;9320
2102002;41120
2102036;34278
2102077;16214
2102101;36102
2102150;8696
2102200;28306
2102309;23495
2102325;71979
2102358;15180
2102374;8930
2102408;11019
2102507;19110
2102556;14219
2102606;19943
2102705;21759
2102754;10713
2102804;23803
2102903;23576
2103000;162657
2103109;10490
2103125;8615
2103158;13555
2103174;21565
2103208;78965
2103257;14539
2103307;120810
2103406;48756
2103505;40575
2103554;16192
2103604;64403
2103703;30706
2103752;12659
2103802;22912
2103901;11208
2104008;16653
2104057;42110
2104073;8372
2104081;10326
2104099;18997
2104107;12403
2104206;15262
2104305;11830
2104404;17586
2104503;10700
2104552;18316
2104602;16582
2104628;7708
2104651;9921
2104677;24991
2104701;6134
2104800;69232
2104909;11728
2105005;28509
2105104;26835
2105153;14147
2105203;11206
2105302;254569
2105351;16009
2105401;67726
2105427;25589
2105450;10221
2105476;16321
2105500;23042
2105609;15891
2105658;3237
2105708;49856
2105807;10672
2105906;16025
2105922;11048
2105948;8664
2105963;11286
2105989;7489
2106003;11695
2106102;12009
2106201;6867
2106300;19779
2106326;21293
2106359;7604
2106375;16366
2106409;16745
2106508;23091
2106607;33374
2106631;16908
2106672;8326
2106706;20613
2106755;28456
2106805;14744
2106904;33156
2107001;8889
2107100;19282
2107209;14489
2107258;5350
2107308;4586
2107357;20768
2107407;19206
2107456;14637
2107506;122420
2107605;19424
2107704;21116
2107803;34375
2107902;18839
2108009;19271
2108058;15937
2108108;20657
2108207;38365
2108256;25000
2108306;38144
2108405;14074
2108454;23019
2108504;32488
2108603;82374
2108702;20861
2108801;18413
2108900;17023
2109007;23760
2109056;5819
2109106;47239
2109205;12656
2109239;6968
2109270;18797
2109304;11474
2109403;15207
2109452;30863
2109502;19701
2109551;7691
2109601;42314
2109700;5568
2109759;7708
2109809;41891
2109908;88013
2110005;71576
2110039;24946
2110104;25334
2110203;37090
2110237;13395
2110278;15853
2110302;14222
2110401;18377
2110500;46039
2110609;28208
2110658;7291
2110708;33691
2110807;4453
2110856;11808
2110906;11976
2111003;20307
2111029;15450
2111052;10977
2111078;18345
2111102;25520
2111201;176418
2111250;7484
2111300;1091868
2111409;18247
2111508;40992
2111532;12511
2111573;4601
2111607;18680
2111631;4946
2111672;6704
2111706;20913
2111722;13949
2111748;11042
2111763;13877
2111789;11040
2111805;17851
2111904;10416
2111953;5571
2112001;8455
2112100;28635
2112209;167619
2112233;21749
2112274;5746
2112308;41342
2112407;35063
2112456;25533
2112506;58605
2112605;33038
2112704;56511
2112803;51738
2112852;13480
2112902;32267
2113009;30879
2114007;51084
2200053;6966
2200103;5062
2200202;17119
2200251;7526
2200277;4838
2200301;14070
2200400;39864
2200459;5326
2200509;17322
2200608;6684
2200707;9705
2200806;3114
2200905;5748
2200954;2511
2201002;4656
2201051;7717
2201101;11503
2201150;11375
2201176;3889
2201200;46291
2201309;3294
2201408;6925
2201507;26421
2201556;3947
2201572;3503
2201606;10037
2201705;5413
2201739;6106
2201770;6663
2201804;4428
2201903;24711
2201919;5535
2201929;5577
2201945;6300
2201960;8192
2201988;3823
2202000;19464
2202026;8108
2202059;10406
2202075;3497
2202083;7510
2202091;5684
2202109;5522
2202117;4957
2202133;5842
2202174;7154
2202208;46082
2202251;3892
2202307;20831
2202406;11229
2202455;4033
2202505;10729
2202539;5769
2202554;4982
2202604;19410
2202653;5330
2202703;27338
2202711;4812
2202729;6054
2202737;3953
2202752;6372
2202778;7536
2202802;4726
2202851;4608
2202901;26205
2203008;8154
2203107;10253
2203206;11190
2203230;4871
2203255;4367
2203271;5251
2203305;13595
2203354;6896
2203404;6790
2203420;4287
2203453;9404
2203503;14383
2203602;4834
2203701;39078
2203750;5220
2203800;4393
2203859;2518
2203909;58969
2204006;5264
2204105;4288
2204154;3128
2204204;9154
2204303;11432
2204352;5352
2204402;10522
2204501;10335
2204550;4489
2204600;3816
2204659;9268
2204709;15065
2204808;9649
2204907;8428
2205003;11343
2205102;10845
2205151;5656
2205201;18782
2205250;4430
2205276;4786
2205300;4384
2205359;2961
2205409;14123
2205458;5350
2205508;38550
2205516;5391
2205524;5534
2205532;4683
2205540;2796
2205557;8395
2205565;4582
2205573;6646
2205581;3996
2205599;5087
2205607;5217
2205706;29792
2205805;25082
2205854;8170
2205904;5266
2205953;8342
2206001;4478
2206050;6338
2206100;10759
2206209;33209
2206308;1228
2206357;6511
2206407;10409
2206506;7621
2206605;10448
2206654;4066
2206670;6684
2206696;8997
2206704;7231
2206720;8425
2206753;4786
2206803;8547
2206902;6466
2206951;2940
2207009;36432
2207108;2417
2207207;6758
2207306;4065
2207355;3333
2207405;4967
2207504;14295
2207553;3886
2207603;10613
2207702;150547
2207751;4500
2207777;6288
2207793;3975
2207801;20192
2207850;3623
2207900;38127
2207934;2495
2207959;4302
2208007;76928
2208106;11935
2208205;18125
2208304;28312
2208403;62733
2208502;12358
2208551;2664
2208601;3103
2208650;8842
2208700;8634
2208809;17698
2208858;4246
2208874;4403
2208908;7214
2209005;6331
2209104;6140
2209153;3952
2209203;6156
2209302;5761
2209351;4559
2209377;5175
2209401;6305
2209450;2125
2209500;3731
2209559;4377
2209609;2901
2209658;5657
2209708;6324
2209757;2988
2209807;4931
2209856;4534
2209872;5938
2209906;6050
2209955;4762
2209971;7847
2210003;20258
2210052;5260
2210102;3689
2210201;6602
2210300;6261
2210359;4501
2210375;2602
2210383;2413
2210391;2991
2210409;17395
2210508;14056
2210607;34109
2210623;3421
2210631;4224
2210656;9880
2210706;14398
2210805;12488
2210904;4500
2210938;6612
2210953;2870
2210979;2719
2211001;850198
2211100;43761
2211209;21188
2211308;20588
2211357;4873
2211407;4325
2211506;3029
2211605;2931
2211704;4390
2300101;11605
2300150;16543
2300200;62199
2300309;53572
2300408;17194
2300507;11459
2300606;7479
2300705;16976
2300754;42901
2300804;7278
2300903;14719
2301000;79128
2301109;73629
2301208;26269
2301257;10823
2301307;21398
2301406;11244
2301505;7777
2301604;23254
2301703;24496
2301802;6228
2301851;18027
2301901;59811
2301950;20978
2302008;22440
2302057;14880
2302107;35351
2302206;53110
2302305;32378
2302404;54049
2302503;48830
2302602;62985
2302701;27209
2302800;77514
2302909;17668
2303006;22320
2303105;18660
2303204;26892
2303303;18804
2303402;17631
2303501;71079
2303600;20451
2303659;10365
2303709;362223
2303808;25063
2303907;12952
2303931;13384
2303956;19197
2304004;23107
2304103;74426
2304202;130604
2304236;17874
2304251;23983
2304269;9521
2304277;7163
2304285;52667
2304301;18720
2304350;24047
2304400;2627482
2304459;16272
2304509;13669
2304608;6922
2304657;15307
2304707;54365
2304806;4425
2304905;11012
2304954;26331
2305001;39445
2305100;3547
2305209;20215
2305233;65928
2305266;13218
2305308;24825
2305332;12350
2305357;19685
2305407;67486
2305506;102614
2305605;25967
2305654;11499
2305704;12349
2305803;41576
2305902;37896
2306009;14125
2306108;23858
2306207;7738
2306256;39310
2306306;51945
2306405;127465
2306504;20014
2306553;41230
2306603;20675
2306702;17958
2306801;11295
2306900;34448
2307007;33740
2307106;27076
2307205;7847
2307254;19510
2307304;270383
2307403;24597
2307502;31335
2307601;58915
2307635;19800
2307650;224804
2307700;126486
2307809;26981
2307908;11082
2308005;38210
2308104;46548
2308203;14948
2308302;28231
2308351;13136
2308377;13583
2308401;35409
2308500;43735
2308609;17038
2308708;61548
2308807;8636
2308906;22222
2309003;14377
2309102;12831
2309201;15433
2309300;32035
2309409;28353
2309458;25394
2309508;21292
2309607;70911
2309706;82824
2309805;11960
2309904;6202
2310001;9285
2310100;13145
2310209;33894
2310258;32515
2310308;31137
2310407;11578
2310506;42841
2310605;8956
2310704;37077
2310803;16163
2310852;20644
2310902;16731
2310951;10784
2311009;12243
2311108;14921
2311207;10918
2311231;6356
2311264;20860
2311306;86605
2311355;14860
2311405;78658
2311504;21876
2311603;27441
2311702;18769
2311801;76475
2311900;15678
2311959;16331
2312007;32023
2312106;17489
2312205;43360
2312304;46648
2312403;48265
2312502;7621
2312601;12849
2312700;26447
2312809;7513
2312908;205529
2313005;18158
2313104;30489
2313203;25525
2313252;8852
2313302;58119
2313351;18902
2313401;74719
2313500;55207
2313559;15935
2313609;34332
2313708;7671
2313757;19679
2313807;21609
2313906;13677
2313955;18239
2314003;40440
2314102;60030
2400109;11333
2400208;58183
2400307;11211
2400406;3260
2400505;13827
2400604;4854
2400703;14365
2400802;11909
2400901;7237
2401008;36323
2401107;27401
2401206;14307
2401305;9768
2401404;9309
2401453;28085
2401503;4064
2401602;5527
2401651;2307
2401701;10254
2401800;12720
2401859;6624
2401909;3680
2402006;68222
2402105;11244
2402204;34267
2402303;20707
2402402;8188
2402501;10715
2402600;73849
2402709;11344
2402808;5593
2402907;4980
2403004;8147
2403103;45228
2403202;7190
2403251;254709
2403301;5666
2403400;6119
2403509;10702
2403608;28331
2403707;6052
2403756;3072
2403806;9262
2403905;2890
2404002;4180
2404101;2715
2404200;26068
2404309;13157
2404408;10386
2404507;15309
2404606;13714
2404705;15464
2404804;2251
2404853;7571
2404903;5930
2405009;9068
2405108;6942
2405207;5386
2405306;10096
2405405;5247
2405504;2663
2405603;14858
2405702;12579
2405801;35087
2405900;2695
2406007;6050
2406106;18530
2406155;3910
2406205;6793
2406304;7579
2406403;2771
2406502;15590
2406601;8269
2406700;11316
2406809;4822
2406908;4002
2407005;10211
2407104;80031
2407203;31859
2407252;4002
2407302;8492
2407401;8793
2407500;12223
2407609;4608
2407708;11503
2407807;22462
2407906;2178
2408003;295619
2408102;885180
2408201;27372
2408300;37695
2408409;4349
2408508;4882
2408607;4276
2408706;3859
2408805;5258
2408904;21669
2408953;10901
2409100;13099
2409209;3109
2409308;12844
2409332;5500
2409407;30452
2409506;3356
2409605;2532
2409704;6938
2409803;14954
2409902;15083
2410009;3836
2410108;15418
2410207;7909
2410256;6789
2410306;10099
2410405;9568
2410504;5115
2410603;3234
2410702;3566
2410801;4277
2410900;8075
2411007;4545
2411056;4100
2411106;3669
2411205;39667
2411403;13289
2411429;2701
2411502;24220
2411601;2846
2411700;4425
2411809;3617
2411908;4238
2412005;101492
2412104;6260
2412203;43995
2412302;13007
2412401;4643
2412500;23610
2412559;9606
2412609;17572
2412708;6139
2412807;8343
2412906;11223
2413003;6469
2413102;6188
2413201;4423
2413300;5870
2413359;11838
2413409;8175
2413508;6422
2413557;4841
2413607;3150
2413706;5528
2413805;2566
2413904;12428
2414001;15866
2414100;10814
2414159;5912
2414209;13895
2414308;2437
2414407;34043
2414456;3327
2414506;10781
2414605;14609
2414704;5554
2414753;4187
2414803;12371
2414902;1731
2415008;3173
2500106;10258
2500205;5562
2500304;28565
2500403;20689
2500502;14464
2500536;5499
2500577;2501
2500601;19579
2500700;17940
2500734;2246
2500775;8430
2500809;17003
2500908;13538
2501005;20418
2501104;22776
2501153;2126
2501203;6975
2501302;19154
2501351;3921
2501401;9070
2501500;21156
2501534;4925
2501575;8241
2501609;15421
2501708;5979
2501807;97010
2501906;17685
2502003;7347
2502052;3438
2502102;5349
2502151;7083
2502201;2567
2502300;4972
2502409;11938
2502508;17842
2502607;6173
2502706;5430
2502805;14107
2502904;6457
2503001;21872
2503100;5570
2503209;68033
2503308;10265
2503407;3749
2503506;17156
2503555;7183
2503605;7283
2503704;62187
2503753;3197
2503803;6025
2503902;6020
2504009;410332
2504033;6552
2504074;4171
2504108;2667
2504157;7476
2504207;4934
2504306;30534
2504355;4839
2504405;18944
2504504;6753
2504603;24769
2504702;4789
2504801;15426
2504850;1925
2504900;17559
2505006;7274
2505105;20348
2505204;6790
2505238;6358
2505279;5232
2505303;2517
2505352;5343
2505402;8306
2505501;3808
2505600;6550
2505709;10383
2505808;3594
2505907;3528
2506004;33266
2506103;11313
2506202;2990
2506251;8435
2506301;58881
2506400;14134
2506509;3436
2506608;5925
2506707;11833
2506806;18163
2506905;24475
2507002;24842
2507101;18715
2507200;10876
2507309;14378
2507408;7742
2507507;811598
2507606;7950
2507705;18213
2507804;7165
2507903;10770
2508000;9868
2508109;4666
2508208;7670
2508307;27543
2508406;2725
2508505;7386
2508554;4343
2508604;13121
2508703;4009
2508802;5665
2508901;45005
2509008;11120
2509057;8586
2509107;21854
2509156;6614
2509206;13853
2509305;8466
2509339;4537
2509370;2915
2509396;6587
2509404;13286
2509503;5691
2509602;4825
2509701;33294
2509800;9922
2509909;10460
2510006;7296
2510105;10639
2510204;5944
2510303;4910
2510402;6512
2510501;3951
2510600;3042
2510659;1769
2510709;2424
2510808;107790
2510907;12308
2511004;3803
2511103;8122
2511202;28499
2511301;16091
2511400;18737
2511509;11938
2511608;6607
2511707;5080
2511806;10585
2511905;19182
2512002;18622
2512036;3770
2512077;4318
2512101;32766
2512200;4179
2512309;23489
2512408;13715
2512507;44214
2512606;1964
2512705;19579
2512721;6099
2512747;3607
2512754;4529
2512762;4519
2512788;1985
2512804;8609
2512903;24154
2513000;3980
2513109;12145
2513158;6557
2513208;6585
2513307;5887
2513356;3596
2513406;15401
2513505;5159
2513604;7024
2513653;2690
2513703;136851
2513802;4573
2513851;2519
2513901;34215
2513927;4540
2513943;2601
2513968;3120
2513984;3363
2514008;4296
2514107;4423
2514206;7679
2514305;6279
2514404;4635
2514453;5969
2514503;20163
2514552;3842
2514602;3566
2514651;1806
2514701;4145
2514800;3711
2514909;7721
2515005;7180
2515104;11845
2515203;3496
2515302;52697
2515401;11084
2515500;13707
2515609;3121
2515708;3100
2515807;7020
2515906;6093
2515930;5044
2515971;7795
2516003;26376
2516102;14987
2516151;3567
2516201;69554
2516300;16957
2516409;10967
2516508;15276
2516607;14661
2516706;15191
2516755;3066
2516805;9482
2516904;15382
2517001;9913
2517100;2820
2517209;5358
2517407;2245
2600054;99364
2600104;37017
2600203;19411
2600302;24644
2600401;36371
2600500;43087
2600609;14517
2600708;38267
2600807;22896
2600906;22726
2601003;11045
2601052;20268
2601102;83757
2601201;73667
2601300;14224
2601409;42438
2601508;11992
2601607;20670
2601706;75986
2601805;12637
2601904;60549
2602001;37816
2602100;48214
2602209;39025
2602308;38044
2602407;8973
2602506;7465
2602605;50138
2602704;13085
2602803;57696
2602902;204653
2603009;33856
2603108;20209
2603207;28500
2603306;11055
2603405;5736
2603454;156361
2603504;18583
2603603;8493
2603702;24762
2603801;19991
2603900;19440
2603926;12805
2604007;82685
2604106;356128
2604155;14274
2604205;42343
2604304;11695
2604403;13396
2604502;21525
2604601;26186
2604700;18098
2604809;12560
2604908;11559
2605004;23977
2605103;36753
2605152;18692
2605202;68281
2605301;31790
2605400;21958
2605459;3016
2605509;12057
2605608;22567
2605707;32483
2605806;15328
2605905;30709
2606002;138642
2606101;30425
2606200;79249
2606309;7417
2606408;83241
2606507;19100
2606606;28985
2606705;7735
2606804;115398
2606903;12175
2607000;22801
2607109;4542
2607208;94533
2607307;30447
2607406;4858
2607505;26314
2607604;25789
2607653;36320
2607703;13638
2607752;26338
2607802;16859
2607901;695956
2607950;11634
2608008;17026
2608057;14703
2608107;33485
2608206;15989
2608255;11334
2608305;14712
2608404;15284
2608453;17847
2608503;21338
2608602;13033
2608701;16218
2608750;25294
2608800;39888
2608909;56140
2609006;25214
2609105;15820
2609154;21047
2609204;11433
2609303;15270
2609402;62119
2609501;32280
2609600;390771
2609709;23768
2609808;14794
2609907;68776
2610004;62832
2610103;7761
2610202;26417
2610301;11449
2610400;21383
2610509;28889
2610608;55942
2610707;328353
2610806;22505
2610905;66881
2611002;36108
2611101;343219
2611200;11268
2611309;26960
2611408;14798
2611507;25831
2611533;6802
2611606;1633697
2611705;20392
2611804;47088
2611903;23379
2612000;10065
2612109;10747
2612208;60453
2612307;15779
2612406;25979
2612455;15202
2612471;12501
2612505;105761
2612554;14355
2612604;41652
2612703;14013
2612802;11734
2612901;15683
2613008;58824
2613107;37023
2613206;22628
2613305;21257
2613404;20963
2613503;33804
2613602;33704
2613701;112099
2613800;17904
2613909;85568
2614006;19080
2614105;35670
2614204;45263
2614303;11238
2614402;5978
2614501;64373
2614600;28301
2614709;12853
2614808;25368
2614857;23100
2615003;28358
2615102;7120
2615201;10437
2615300;53083
2615409;44189
2615508;13689
2615607;30155
2615706;15221
2615805;26990
2615904;8169
2616001;18258
2616100;9490
2616183;7641
2616209;20460
2616308;32429
2616407;137578
2616506;14651
2700102;20467
2700201;17818
2700300;234185
2700409;47744
2700508;16064
2700607;8401
2700706;18757
2700805;4453
2700904;6797
2701001;27590
2701100;10675
2701209;10897
2701308;21526
2701357;7024
2701407;57548
2701506;9692
2701605;17983
2701704;17354
2701803;9155
2701902;7427
2702009;10888
2702108;21926
2702207;5918
2702306;57498
2702355;24510
2702405;52597
2702504;11214
2702553;18435
2702603;22481
2702702;4806
2702801;12966
2702900;41279
2703007;15840
2703106;26022
2703205;24793
2703304;18652
2703403;5356
2703502;7135
2703601;8453
2703700;5676
2703759;11782
2703809;24280
2703908;4231
2704005;25093
2704104;18175
2704203;28953
2704302;1029129
2704401;20200
2704500;32940
2704609;9418
2704708;52260
2704807;13514
2704906;3579
2705002;25589
2705101;25012
2705200;17988
2705309;5413
2705408;7260
2705507;28579
2705606;12821
2705705;21767
2705804;9459
2705903;5195
2706000;11772
2706109;11635
2706208;5066
2706307;74208
2706406;24792
2706422;10684
2706448;13252
2706505;15461
2706604;7679
2706703;64497
2706802;18074
2706901;35552
2707008;2953
2707107;25298
2707206;14575
2707305;27501
2707404;7965
2707503;20327
2707602;11496
2707701;76019
2707800;6774
2707909;7386
2708006;48232
2708105;10899
2708204;7058
2708303;24226
2708402;32626
2708501;34961
2708600;61827
2708709;8022
2708808;34551
2708907;13949
2708956;14036
2709004;6270
2709103;20205
2709152;44666
2709202;28070
2709301;66477
2709400;26143
2800100;2390
2800209;21589
2800308;650106
2800407;10362
2800506;18489
2800605;29807
2800670;26961
2800704;8322
2801009;18111
2801108;4058
2801207;29372
2801306;34050
2801405;21842
2801504;16275
2801603;5933
2801702;18270
2801900;4012
2802007;5058
2802106;69278
2802205;5616
2802304;15349
2802403;11736
2802502;3315
2802601;5870
2802700;8611
2802809;17810
2802908;95196
2803005;41961
2803104;4988
2803203;34101
2803302;18656
2803401;13238
2803500;104099
2803609;29700
2803708;6920
2803807;3693
2803906;12691
2804003;17297
2804102;11438
2804201;15177
2804300;7683
2804409;18953
2804458;8869
2804508;36613
2804607;26624
2804706;6530
2804805;181928
2804904;14420
2805000;3254
2805109;9594
2805208;6556
2805307;9241
2805406;34529
2805505;23740
2805604;28735
2805703;29834
2805802;20014
2805901;10196
2806008;18641
2806107;10699
2806206;20168
2806305;14034
2806404;7751
2806503;3938
2806602;12146
2806701;89232
2806800;11133
2806909;3983
2807006;3943
2807105;40838
2807204;8851
2807303;3221
2807402;52156
2807501;13208
2807600;25114
2900108;9199
2900207;20189
2900306;15727
2900355;17349
2900405;17508
2900504;11212
2900603;4725
2900702;155979
2900801;23376
2900900;5985
2901007;38259
2901106;26409
2901155;16798
2901205;19568
2901304;13737
2901353;15490
2901403;14690
2901502;11481
2901601;19569
2901700;12208
2901809;12072
2901908;18334
2901957;7730
2902005;13962
2902054;12608
2902104;55935
2902203;11703
2902252;11661
2902302;9171
2902401;12706
2902500;14323
2902609;21403
2902658;13765
2902708;54915
2902807;22082
2902906;34121
2903003;14560
2903102;6258
2903201;157638
2903235;15217
2903276;16296
2903300;6251
2903409;24013
2903508;18247
2903607;16653
2903706;14069
2903805;19502
2903904;70618
2903953;10477
2904001;14760
2904050;17131
2904100;22464
2904209;10898
2904308;15122
2904407;10833
2904506;10974
2904605;69677
2904704;19256
2904753;21786
2904803;7841
2904852;19312
2904902;35139
2905008;23817
2905107;10058
2905156;16106
2905206;52853
2905305;19006
2905404;18224
2905503;13713
2905602;33310
2905701;296893
2905800;36644
2905909;30048
2906006;73448
2906105;10151
2906204;26862
2906303;33002
2906402;8837
2906501;89707
2906600;14792
2906709;26674
2906808;36191
2906824;17316
2906857;12199
2906873;31392
2906899;9773
2906907;22740
2907004;9544
2907103;30118
2907202;73382
2907301;27238
2907400;3669
2907509;56459
2907558;9764
2907608;17969
2907707;11591
2907806;34676
2907905;17739
2908002;19022
2908101;19498
2908200;23024
2908309;18229
2908408;68303
2908507;33876
2908606;26371
2908705;18191
2908804;4299
2908903;23896
2909000;8904
2909109;14933
2909208;16814
2909307;33361
2909406;14414
2909505;5576
2909604;21835
2909703;14403
2909802;64932
2909901;35524
2910008;11716
2910057;80657
2910107;12604
2910206;4212
2910305;8461
2910404;19376
2910503;43223
2910602;37845
2910701;61924
2910727;115290
2910750;18443
2910776;5922
2910800;627477
2910859;17176
2910909;5822
2911006;11244
2911105;25912
2911204;33234
2911253;4725
2911303;11639
2911402;15840
2911501;7848
2911600;21495
2911659;8081
2911709;86808
2911808;22154
2911857;13718
2911907;25884
2912004;10183
2912103;23529
2912202;19786
2912301;16796
2912400;18678
2912509;15413
2912608;4214
2912707;24293
2912806;8852
2912905;17221
2913002;16855
2913101;17948
2913200;27862
2913309;6437
2913408;16283
2913457;14187
2913507;27939
2913606;176341
2913705;40453
2913804;15499
2913903;47704
2914000;62631
2914109;10157
2914208;7521
2914307;9901
2914406;25536
2914505;29879
2914604;74483
2914653;31422
2914703;66806
2914802;221046
2914901;28382
2915007;16586
2915106;13199
2915205;15577
2915304;7291
2915353;14718
2915403;7218
2915502;21642
2915601;67356
2915700;8476
2915809;24901
2915908;6730
2916005;20501
2916104;22866
2916203;9830
2916302;10830
2916401;77533
2916500;36211
2916609;10799
2916708;8592
2916807;20314
2916856;14957
2916906;13254
2917003;37567
2917102;21241
2917201;19577
2917300;29428
2917334;11399
2917359;9056
2917409;15459
2917508;83635
2917607;56033
2917706;34499
2917805;19036
2917904;11120
2918001;162209
2918100;41605
2918209;15106
2918308;12692
2918357;25646
2918407;221773
2918456;9924
2918506;16006
2918555;6275
2918605;7066
2918704;3975
2918753;16029
2918803;24306
2918902;4068
2919009;4017
2919058;8886
2919108;9007
2919157;28244
2919207;197636
2919306;11636
2919405;12969
2919504;46739
2919553;83557
2919603;11879
2919702;19110
2919801;50987
2919900;8266
2919926;21007
2919959;4456
2920007;10274
2920106;19695
2920205;17526
2920304;8856
2920403;14251
2920452;13959
2920502;23018
2920601;46260
2920700;21313
2920809;10931
2920908;14728
2921005;46998
2921054;12488
2921104;23586
2921203;27520
2921302;11585
2921401;18729
2921450;9578
2921500;51953
2921609;8950
2921708;36856
2921807;12529
2921906;9957
2922003;42072
2922052;11988
2922102;27364
2922201;7678
2922250;11644
2922300;30631
2922409;22998
2922508;29546
2922607;14368
2922656;13597
2922706;17141
2922730;8119
2922755;6986
2922805;8428
2922854;9500
2922904;25460
2923001;44052
2923035;12514
2923050;16037
2923100;29227
2923209;22805
2923308;8916
2923357;18025
2923407;22553
2923506;9250
2923605;22286
2923704;32967
2923803;30075
2923902;10673
2924009;120706
2924058;14226
2924108;7527
2924207;18209
2924306;18267
2924405;35740
2924504;16889
2924603;21171
2924652;11012
2924678;10411
2924702;11849
2924801;25211
2924900;9582
2925006;26915
2925105;48861
2925204;39718
2925253;15830
2925303;149324
2925402;8438
2925501;29326
2925600;15734
2925709;13334
2925758;28082
2925808;26552
2925907;28632
2925931;9411
2925956;23562
2926004;42672
2926103;14730
2926202;23313
2926301;34784
2926400;36439
2926509;15443
2926608;54965
2926657;7437
2926707;13712
2926806;15804
2926905;12130
2927002;41767
2927101;9405
2927200;32009
2927309;15772
2927408;2953986
2927507;21415
2927606;14976
2927705;28552
2927804;6698
2927903;11161
2928000;38422
2928059;13398
2928109;41769
2928208;27492
2928307;9263
2928406;29146
2928505;10682
2928604;61961
2928703;103342
2928802;53898
2928901;33661
2928950;9404
2929008;15310
2929057;15825
2929107;21964
2929206;40220
2929255;19613
2929305;38018
2929354;6045
2929370;10784
2929404;12092
2929503;45827
2929602;18114
2929701;20429
2929750;12380
2929800;13385
2929909;45568
2930006;11696
2930105;81218
2930154;32991
2930204;41891
2930303;18320
2930402;16036
2930501;83088
2930600;13832
2930709;136050
2930758;13437
2930766;11283
2930774;23713
2930808;17503
2930907;13057
2931004;21315
2931053;17884
2931103;8232
2931202;21462
2931301;17845
2931350;161690
2931400;7936
2931509;23378
2931608;15357
2931707;13536
2931806;17700
2931905;52540
2932002;25773
2932101;20800
2932200;20489
2932309;27527
2932408;14474
2932457;19522
2932507;21331
2932606;17356
2932705;21711
2932804;19780
2932903;98749
2933000;28743
2933059;14662
2933109;9449
2933158;13454
2933174;9375
2933208;43640
2933257;6620
2933307;348718
2933406;9753
2933455;12935
2933505;22365
2933604;48365
3100104;7059
3100203;23611
3100302;13733
3100401;4065
3100500;9997
3100609;14370
3100708;2058
3100807;4440
3100906;19416
3101003;13576
3101102;25711
3101201;6209
3101300;2752
3101409;3046
3101508;35866
3101607;79707
3101631;6775
3101706;41794
3101805;7515
3101904;19846
3102001;14551
3102050;5791
3102100;11693
3102209;4199
3102308;15599
3102407;3673
3102506;4924
3102605;40706
3102704;9479
3102803;12507
3102852;8541
3102902;11608
3103009;9637
3103108;1664
3103207;2368
3103306;2111
3103405;37361
3103504;117445
3103603;2873
3103702;8544
3103751;6774
3103801;2883
3103900;8996
3104007;104283
3104106;10578
3104205;39811
3104304;14956
3104403;2859
3104452;5192
3104502;18243
3104601;14118
3104700;13762
3104809;5023
3104908;19315
3105004;8051
3105103;24018
3105202;4984
3105301;5739
3105400;31968
3105509;5648
3105608;136689
3105707;5624
3105905;20882
3106002;10416
3106101;3503
3106200;2523794
3106309;26158
3106408;7841
3106507;12360
3106606;4678
3106655;4720
3106705;427146
3106804;3613
3106903;14545
3107000;2619
3107109;40530
3107208;5185
3107307;50168
3107406;50042
3107505;6644
3107604;4203
3107703;6018
3107802;15459
3107901;10775
3108008;17907
3108107;7020
3108206;5764
3108255;10951
3108305;19055
3108404;15322
3108503;6540
3108552;16105
3108602;32732
3108701;4550
3108800;5003
3108909;14889
3109006;38863
3109105;11233
3109204;10594
3109253;4146
3109303;24689
3109402;28335
3109451;6940
3109501;14330
3109600;3710
3109709;11646
3109808;2691
3109907;11399
3110004;44377
3110103;5440
3110202;4108
3110301;14529
3110400;3064
3110509;22057
3110608;29165
3110707;13053
3110806;3757
3110905;16627
3111002;21440
3111101;20079
3111150;3863
3111200;54458
3111309;11878
3111408;7886
3111507;15387
3111606;29057
3111705;4699
3111804;12117
3111903;5735
3112000;15147
3112059;4517
3112109;5489
3112208;4805
3112307;37867
3112406;7152
3112505;9678
3112604;16250
3112653;5405
3112703;15237
3112802;8682
3112901;9431
3113008;23781
3113107;3299
3113206;25376
3113305;33559
3113404;91841
3113503;9544
3113602;6757
3113701;19750
3113800;2629
3113909;12350
3114006;11559
3114105;14822
3114204;22136
3114303;30861
3114402;21458
3114501;18995
3114550;10072
3114600;4110
3114709;3581
3114808;4617
3114907;2309
3115003;3071
3115102;18057
3115201;4050
3115300;75025
3115359;5316
3115409;3666
3115458;6612
3115474;5151
3115508;22208
3115607;1209
3115706;7112
3115805;10622
3115904;3101
3116001;5823
3116100;15675
3116159;12971
3116209;2789
3116308;6868
3116407;4847
3116506;7819
3116605;28287
3116704;7559
3116803;9146
3116902;3138
3117009;7599
3117108;10374
3117207;2858
3117306;26818
3117405;4644
3117504;18126
3117603;5515
3117702;13724
3117801;11467
3117836;7624
3117876;6608
3117900;11706
3118007;53843
3118106;5134
3118205;6960
3118304;127369
3118403;23240
3118502;1810
3118601;658580
3118700;9432
3118809;27052
3118908;9029
3119005;3587
3119104;24384
3119203;10339
3119302;28508
3119401;110326
3119500;9411
3119609;3125
3119708;3471
3119807;3359
3119906;3804
3119955;6295
3120003;2970
3120102;4444
3120151;6631
3120201;12564
3120300;6042
3120409;5225
3120508;10482
3120607;5057
3120706;4174
3120805;15497
3120839;4995
3120870;7623
3120904;79878
3121001;5471
3121100;8205
3121209;7186
3121258;9904
3121308;5047
3121407;7334
3121506;3015
3121605;48230
3121704;3913
3121803;8287
3121902;3455
3122009;20133
3122108;5086
3122207;7559
3122306;234937
3122355;6625
3122405;6068
3122454;10547
3122470;3818
3122504;5247
3122603;4602
3122702;5351
3122801;3072
3122900;6527
3123007;10093
3123106;5316
3123205;13923
3123304;4437
3123403;1533
3123502;1930
3123528;7884
3123601;27730
3123700;11098
3123809;7377
3123858;5443
3123908;15292
3124005;19015
3124104;69010
3124203;24805
3124302;32214
3124401;4712
3124500;11449
3124609;2448
3124708;3590
3124807;7981
3124906;11285
3125002;3952
3125101;34344
3125200;2426
3125309;3371
3125408;5012
3125507;3205
3125606;7431
3125705;15273
3125804;3369
3125903;10432
3125952;11039
3126000;7343
3126109;68423
3126208;9294
3126307;4407
3126406;2932
3126505;10557
3126604;5215
3126703;26428
3126752;5672
3126802;6024
3126901;9597
3126950;3510
3127008;17072
3127057;4733
3127073;5709
3127107;58770
3127206;4277
3127305;7034
3127339;5246
3127354;3160
3127370;3328
3127388;3952
3127404;4410
3127503;6223
3127602;12064
3127701;280901
3127800;15931
3127909;1418
3128006;34054
3128105;14460
3128204;10542
3128253;5001
3128303;19378
3128402;9047
3128501;3938
3128600;6736
3128709;52294
3128808;7300
3128907;7956
3129004;8714
3129103;5959
3129202;6561
3129301;10962
3129400;5150
3129509;25100
3129608;8400
3129657;6165
3129707;13575
3129806;177475
3129905;3536
3130002;3018
3130051;11835
3130101;41127
3130200;10547
3130309;8172
3130408;6460
3130507;12358
3130556;6899
3130606;7356
3130655;7524
3130705;6806
3130804;2785
3130903;24792
3131000;6240
3131109;7489
3131158;18375
3131208;19736
3131307;261203
3131406;4285
3131505;10125
3131604;6969
3131703;119285
3131802;11498
3131901;50816
3132008;5374
3132107;18443
3132206;13329
3132305;12725
3132404;97000
3132503;34661
3132602;4362
3132701;23637
3132800;2207
3132909;10501
3133006;15391
3133105;15290
3133204;12394
3133303;21559
3133402;15041
3133501;22158
3133600;9618
3133709;10979
3133758;16082
3133808;92696
3133907;5690
3134004;15147
3134103;6120
3134202;104526
3134301;6213
3134400;38484
3134509;3926
3134608;19545
3134707;12561
3134806;7809
3134905;25453
3135001;3158
3135050;37939
3135076;5414
3135100;71653
3135209;68584
3135308;4308
3135357;8683
3135407;5209
3135456;7672
3135506;12859
3135605;7890
3135704;5319
3135803;25560
3135902;4898
3136009;15634
3136108;4996
3136207;79590
3136306;48751
3136405;4669
3136504;10901
3136520;4631
3136553;4894
3136579;4877
3136603;5804
3136652;25874
3136702;563769
3136801;4358
3136900;10341
3136959;5860
3137007;18152
3137106;7795
3137205;51204
3137304;4248
3137403;13056
3137502;18175
3137536;9440
3137601;61752
3137700;20301
3137809;20870
3137908;3498
3138005;6852
3138104;6664
3138203;102124
3138302;3300
3138351;4998
3138401;53354
3138500;5296
3138609;16910
3138625;7487
3138658;9044
3138674;6409
3138682;6756
3138708;5572
3138807;18400
3138906;7237
3139003;41920
3139102;5153
3139201;19157
3139250;6624
3139300;19372
3139409;88580
3139508;22784
3139607;28132
3139706;7876
3139805;12743
3139904;14488
3140001;59857
3140100;4254
3140159;14988
3140209;2979
3140308;4129
3140407;2900
3140506;13436
3140530;8172
3140555;8539
3140605;4619
3140704;30678
3140803;14449
3140852;10999
3140902;18914
3141009;12849
3141108;37344
3141207;3846
3141306;3765
3141405;21409
3141504;6564
3141603;10868
3141702;5911
3141801;32009
3141900;3970
3142007;13726
3142106;10837
3142205;14946
3142254;4885
3142304;4957
3142403;7525
3142502;2327
3142601;8711
3142700;15603
3142809;21095
3142908;21783
3143005;13453
3143104;48248
3143153;4936
3143203;21949
3143302;402027
3143401;23444
3143450;8168
3143500;8860
3143609;2595
3143708;3339
3143807;6261
3143906;108537
3144003;27528
3144102;21026
3144201;3274
3144300;41787
3144359;6930
3144375;3382
3144409;4820
3144508;8583
3144607;27053
3144656;10375
3144672;3465
3144706;17994
3144805;92178
3144904;3757
3145000;14934
3145059;7648
3145109;16645
3145208;94681
3145307;31884
3145356;10869
3145372;5308
3145406;1873
3145455;5943
3145505;2763
3145604;41907
3145703;2182
3145802;3192
3145851;4710
3145877;7949
3145901;38935
3146008;33716
3146107;74659
3146206;6110
3146255;6338
3146305;20177
3146404;4650
3146503;8391
3146552;6184
3146602;1577
3146701;6753
3146750;6161
3146909;15516
3147006;92386
3147105;92739
3147204;21583
3147303;20983
3147402;24427
3147501;1732
3147600;16470
3147709;8324
3147808;2104
3147907;114458
3147956;5976
3148004;150893
3148103;89983
3148202;5680
3148301;9698
3148400;4982
3148509;8709
3148608;17871
3148707;24748
3148756;7117
3148806;3270
3148905;4034
3149002;2452
3149101;11570
3149150;11396
3149200;3672
3149309;63837
3149408;1843
3149507;3347
3149606;4395
3149705;10846
3149804;15925
3149903;21444
3149952;7060
3150000;4311
3150109;2850
3150158;8247
3150208;4213
3150307;4684
3150406;4981
3150505;8720
3150539;4873
3150570;7585
3150604;6566
3150703;5790
3150802;17918
3150901;5514
3151008;8597
3151107;10876
3151206;56706
3151305;11080
3151404;27706
3151503;34525
3151602;11796
3151701;16903
3151800;166085
3151909;8841
3152006;31612
3152105;60361
3152131;4259
3152170;12138
3152204;38741
3152303;11245
3152402;16641
3152501;147137
3152600;6185
3152709;9021
3152808;27796
3152907;8890
3153004;3569
3153103;5562
3153202;3827
3153301;3061
3153400;19599
3153509;8522
3153608;10577
3153707;3557
3153806;1958
3153905;16390
3154002;24368
3154101;10697
3154150;7117
3154200;11569
3154309;17715
3154408;4861
3154457;8290
3154507;9672
3154606;328871
3154705;4058
3154804;10123
3154903;14130
3155009;2623
3155108;5302
3155207;5825
3155306;5774
3155405;9084
3155504;12462
3155603;31016
3155702;14624
3155801;18061
3155900;5544
3156007;13453
3156106;4834
3156205;2293
3156304;7857
3156403;3644
3156452;4580
3156502;6789
3156601;10377
3156700;135968
3156809;15936
3156908;25998
3157005;41678
3157104;7127
3157203;30690
3157252;8180
3157278;3096
3157302;4590
3157336;8547
3157377;4337
3157401;4960
3157500;4587
3157609;3985
3157658;6410
3157708;13380
3157807;218897
3157906;16173
3158003;11007
3158102;5381
3158201;14896
3158300;7322
3158409;3876
3158508;7965
3158607;4032
3158706;2436
3158805;4861
3158904;8853
3158953;32828
3159001;4301
3159100;3887
3159209;9198
3159308;5043
3159357;7149
3159407;3566
3159506;5699
3159605;42324
3159704;3386
3159803;19646
3159902;18553
3160009;3668
3160108;4071
3160207;4040
3160306;11977
3160405;28115
3160454;7339
3160504;1813
3160603;3218
3160702;47561
3160801;5159
3160900;3747
3160959;5697
3161007;17787
3161056;3458
3161106;56805
3161205;6673
3161304;6224
3161403;5085
3161502;11905
3161601;4214
3161650;3920
3161700;6898
3161809;11985
3161908;10773
3162005;25517
3162104;35016
3162203;7431
3162252;4942
3162302;2811
3162401;25856
3162450;12862
3162500;90263
3162559;11367
3162575;5759
3162609;7819
3162658;4396
3162708;23729
3162807;16083
3162906;26538
3162922;30160
3162948;7374
3162955;22910
3163003;4303
3163102;4834
3163201;4228
3163300;3946
3163409;5633
3163508;6650
3163607;2787
3163706;45457
3163805;7045
3163904;4911
3164001;8181
3164100;5494
3164209;11892
3164308;7092
3164407;5438
3164431;3006
3164472;6419
3164506;10511
3164605;6589
3164704;70533
3164803;1582
3164902;2249
3165008;11073
3165107;7222
3165206;7106
3165305;7672
3165404;6850
3165503;6198
3165537;31037
3165552;12060
3165560;2776
3165578;5439
3165602;2049
3165701;7792
3165800;1672
3165909;4410
3166006;5892
3166105;3602
3166204;10622
3166303;7434
3166402;1874
3166501;4372
3166600;812
3166709;8809
3166808;11491
3166907;7812
3166956;4769
3167004;2023
3167103;21435
3167202;236228
3167301;2292
3167400;6314
3167509;2651
3167608;19633
3167707;5791
3167806;6131
3167905;3963
3168002;33824
3168051;3196
3168101;4650
3168200;1921
3168309;4075
3168408;14667
3168507;11836
3168606;141934
3168705;88931
3168804;7807
3168903;6795
3169000;16766
3169059;4147
3169109;6232
3169208;8772
3169307;78999
3169356;31687
3169406;57097
3169505;6739
3169604;25538
3169703;19762
3169802;5025
3169901;113300
3170008;12531
3170057;12622
3170107;328272
3170206;676613
3170305;2709
3170404;83980
3170438;4452
3170479;3338
3170503;10589
3170529;16095
3170578;6632
3170602;2209
3170651;5032
3170701;134364
3170750;6947
3170800;39128
3170909;19723
3171006;20784
3171030;9220
3171071;5798
3171105;3911
3171154;4905
3171204;122365
3171303;78381
3171402;3741
3171501;3342
3171600;14043
3171709;8870
3171808;10793
3171907;5613
3172004;41932
3172103;5315
3172202;2615
3200102;32361
3200136;10085
3200169;11893
3200201;32146
3200300;15082
3200359;8022
3200409;28546
3200508;7932
3200607;98393
3200706;11804
3200805;31794
3200904;45283
3201001;15460
3201100;10254
3201159;12838
3201209;211649
3201308;387368
3201407;38304
3201506;124525
3201605;31574
3201704;12944
3201803;4612
3201902;34757
3202009;6949
3202108;24217
3202207;20757
3202256;12600
3202306;31201
3202405;123166
3202454;25882
3202504;12581
3202553;9373
3202603;14016
3202652;13380
3202702;14815
3202801;34628
3202900;11231
3203007;29896
3203056;29642
3203106;12036
3203130;17168
3203163;11457
3203205;169048
3203304;15419
3203320;38670
3203346;16545
3203353;12602
3203403;27388
3203502;19391
3203601;5861
3203700;18745
3203809;15806
3203908;50991
3204005;23697
3204054;26537
3204104;27130
3204203;21336
3204252;7901
3204302;11742
3204351;19457
3204401;12095
3204500;12889
3204559;39928
3204609;24025
3204658;8818
3204708;37375
3204807;11036
3204906;128449
3204955;12579
3205002;502618
3205010;29038
3205036;21584
3205069;24575
3205101;76776
3205150;9459
3205176;14697
3205200;486388
3205309;363140
3300100;194619
3300159;11292
3300209;126742
3300225;12143
3300233;32260
3300258;29304
3300308;97460
3300407;179451
3300456;495783
3300506;26566
3300605;36068
3300704;216030
3300803;57048
3300902;15124
3300936;15568
3300951;8336
3301009;490288
3301108;19697
3301157;12519
3301207;18264
3301306;41999
3301405;22461
3301504;21250
3301603;11169
3301702;890997
3301801;13576
3301850;57921
3301876;26936
3301900;232394
3302007;122369
3302056;14723
3302106;22694
3302205;99997
3302254;30703
3302270;101237
3302304;7217
3302403;244139
3302452;5434
3302502;237420
3302601;42415
3302700;153008
3302809;18123
3302858;171280
3302908;24871
3303005;26551
3303104;14960
3303203;158329
3303302;499028
3303401;185381
3303500;798647
3303609;50447
3303708;42922
3303807;41454
3303856;26991
3303906;298235
3303955;24282
3304003;28222
3304102;18248
3304110;18829
3304128;13785
3304144;145386
3304151;23535
3304201;126923
3304300;58272
3304409;17988
3304508;8984
3304524;141117
3304557;6520266
3304607;10172
3304706;41312
3304755;41191
3304805;37689
3304904;1049826
3305000;35174
3305109;460461
3305133;6953
3305158;21114
3305208;99906
3305307;9094
3305406;17765
3305505;85175
3305554;84416
3305604;21253
3305703;15191
3305752;32970
3305802;176060
3305901;10352
3306008;79402
3306107;74237
3306156;10597
3306206;35768
3306305;265201
3500105;35139
3500204;3609
3500303;35508
3500402;8104
3500501;18509
3500550;6009
3500600;3268
3500709;36880
3500758;5754
3500808;4135
3500907;4109
3501004;16219
3501103;4154
3501152;18324
3501202;3795
3501301;24813
3501400;5119
3501509;3196
3501608;233868
3501707;39189
3501806;5967
3501905;71193
3502002;4845
3502101;57350
3502200;24634
3502309;6484
3502408;4053
3502507;36279
3502606;4329
3502705;24945
3502754;21038
3502804;194874
3502903;32495
3503000;5552
3503109;6368
3503158;2509
3503208;230770
3503307;131282
3503356;1856
3503406;8452
3503505;3879
3503604;11107
3503703;9451
3503802;51986
3503901;86430
3503950;1842
3504008;102924
3504107;139683
3504206;15085
3504305;5337
3504404;13112
3504503;89479
3504602;16843
3504701;5188
3504800;8908
3504909;10867
3505005;3406
3505104;7251
3505203;34602
3505302;36331
3505351;5653
3505401;7781
3505500;120638
3505609;31921
3505708;267534
3505807;21073
3505906;61480
3506003;371690
3506102;77761
3506201;2925
3506300;11180
3506359;59297
3506409;7837
3506508;120692
3506607;31793
3506706;14727
3506805;12040
3506904;11236
3507001;57910
3507100;24023
3507159;3888
3507209;839
3507308;4717
3507407;15791
3507456;2577
3507506;142546
3507605;164163
3507704;5557
3507753;2812
3507803;24092
3507902;23858
3508009;19737
3508108;16841
3508207;4408
3508306;4352
3508405;47877
3508504;92587
3508603;32773
3508702;19025
3508801;17645
3508900;4211
3509007;98223
3509106;5695
3509205;73921
3509254;28870
3509304;10444
3509403;25655
3509452;5963
3509502;1182429
3509601;82520
3509700;51454
3509809;4900
3509908;12609
3509957;4975
3510005;31263
3510104;2792
3510153;5025
3510203;47463
3510302;20005
3510401;54298
3510500;116786
3510609;396587
3510708;12328
3510807;30144
3510906;2591
3511003;20362
3511102;120691
3511201;7700
3511300;8971
3511409;19495
3511508;46733
3511607;17587
3511706;16772
3511904;8254
3512001;18376
3512100;6225
3512209;27554
3512308;17638
3512407;23793
3512506;5885
3512605;4840
3512704;4054
3512803;69086
3512902;7374
3513009;237750
3513108;34651
3513207;8424
3513306;2161
3513405;81724
3513504;128748
3513603;21929
3513702;33346
3513801;417869
3513850;1785
3513900;11384
3514007;8744
3514106;26891
3514205;2136
3514304;8909
3514403;46324
3514502;12549
3514601;9468
3514700;6247
3514809;15436
3514908;17393
3514924;3537
3514957;2476
3515004;267054
3515103;68270
3515129;3197
3515152;19497
3515186;44170
3515194;4713
3515202;8466
3515301;2769
3515350;9559
3515400;16028
3515509;68670
3515608;5782
3515657;1691
3515707;188868
3515806;1571
3515905;2982
3516002;14282
3516101;2758
3516200;347237
3516309;171602
3516408;149502
3516507;2791
3516606;6776
3516705;44582
3516804;4683
3516853;4739
3516903;10951
3517000;11362
3517109;4800
3517208;11869
3517307;5737
3517406;40287
3517505;20637
3517604;17640
3517703;21081
3517802;8466
3517901;10964
3518008;2017
3518107;6672
3518206;32654
3518305;28978
3518404;120417
3518503;17551
3518602;39216
3518701;315563
3518800;1349113
3518859;7546
3518909;5179
3519006;9397
3519055;14012
3519071;222186
3519105;11343
3519204;6434
3519253;8484
3519303;34226
3519402;12096
3519501;7540
3519600;58715
3519709;77566
3519808;8112
3519907;8103
3520004;24596
3520103;30073
3520202;9443
3520301;30644
3520400;33354
3520426;10656
3520442;26540
3520509;239602
3520608;4931
3520707;3951
3520806;3933
3520905;14766
3521002;34913
3521101;7177
3521150;5178
3521200;4299
3521309;15932
3521408;23264
3521507;7878
3521606;8248
3521705;17879
3521804;26526
3521903;15246
3522000;3703
3522109;98629
3522158;3341
3522208;170927
3522307;160070
3522406;93570
3522505;229502
3522604;73844
3522653;4186
3522703;42747
3522802;15165
3522901;13618
3523008;4802
3523107;360657
3523206;50379
3523305;17062
3523404;116503
3523503;20158
3523602;17589
3523701;6405
3523800;7853
3523909;170157
3524006;57031
3524105;41414
3524204;6917
3524303;76563
3524402;229851
3524501;6728
3524600;17900
3524709;54204
3524808;49110
3524907;6305
3525003;121492
3525102;42904
3525201;28540
3525300;146338
3525409;3202
3525508;12947
3525607;4468
3525706;36198
3525805;4733
3525854;3237
3525904;409497
3526001;20353
3526100;19192
3526209;31027
3526308;4943
3526407;27890
3526506;11156
3526605;7150
3526704;101184
3526803;67185
3526902;300911
3527009;7695
3527108;77021
3527207;87980
3527256;2270
3527306;45922
3527405;21461
3527504;2381
3527603;14021
3527702;5633
3527801;4573
3527900;2705
3528007;17111
3528106;8086
3528205;3736
3528304;3185
3528403;46567
3528502;95601
3528601;9714
3528700;5611
3528809;13981
3528858;2949
3528908;4087
3529005;235234
3529104;2140
3529203;26123
3529302;82307
3529401;462005
3529500;5302
3529609;3892
3529658;1926
3529708;21973
3529807;12812
3529906;20288
3530003;3045
3530102;29315
3530201;18130
3530300;58760
3530409;4758
3530508;68994
3530607;433901
3530706;149396
3530805;92365
3530904;3470
3531001;2249
3531100;54257
3531209;7871
3531308;49979
3531407;24393
3531506;19234
3531605;4190
3531704;4549
3531803;57240
3531902;32220
3532009;13232
3532058;4676
3532108;4453
3532157;3049
3532207;4746
3532306;6754
3532405;18121
3532504;8999
3532603;11398
3532702;4994
3532801;6733
3532827;9504
3532843;1978
3532868;1239
3532900;10755
3533007;21071
3533106;2304
3533205;3745
3533254;5527
3533304;3953
3533403;58227
3533502;40225
3533601;7341
3533700;4308
3533809;2583
3533908;54037
3534005;4286
3534104;6473
3534203;6731
3534302;43306
3534401;697886
3534500;2616
3534609;32709
3534708;111813
3534757;9897
3534807;8440
3534906;14086
3535002;12542
3535101;12730
3535200;9496
3535309;22196
3535408;15619
3535507;45255
3535606;18206
3535705;6369
3535804;19730
3535903;4051
3536000;11073
3536109;6259
3536208;19537
3536257;2150
3536307;14351
3536406;7147
3536505;102499
3536570;1841
3536604;8953
3536703;45708
3536802;6078
3536901;2547
3537008;16645
3537107;46598
3537156;3087
3537206;11136
3537305;62738
3537404;25790
3537503;8410
3537602;66572
3537701;5846
3537800;55092
3537909;28718
3538006;164000
3538105;16656
3538204;14763
3538303;3693
3538501;13976
3538600;26991
3538709;397322
3538808;29790
3538907;24973
3539004;11323
3539103;18174
3539202;27021
3539301;75474
3539400;13335
3539509;38889
3539608;5067
3539707;3488
3539806;115488
3539905;5935
3540002;21674
3540101;3480
3540200;47638
3540259;4519
3540309;2594
3540408;4240
3540507;9565
3540606;52507
3540705;55432
3540754;23360
3540804;17002
3540853;3768
3540903;20516
3541000;310024
3541059;5126
3541109;4155
3541208;13420
3541307;43897
3541406;225271
3541505;39544
3541604;39506
3541653;3680
3541703;13893
3541802;3267
3541901;12949
3542008;6530
3542107;9054
3542206;29821
3542305;3908
3542404;19985
3542503;9042
3542602;56430
3542701;7384
3542800;3390
3542909;13060
3543006;17220
3543105;4644
3543204;4571
3543238;2243
3543253;7697
3543303;121848
3543402;682302
3543501;5792
3543600;3618
3543709;10823
3543808;10098
3543907;202952
3544004;33935
3544103;49408
3544202;12086
3544251;17795
3544301;10512
3544400;3046
3544509;3102
3544608;5549
3544707;2453
3544806;6144
3544905;11641
3545001;16903
3545100;5222
3545159;8019
3545209;116191
3545308;44397
3545407;9287
3545506;4174
3545605;15331
3545704;5999
3545803;191889
3546009;14667
3546108;2134
3546207;4409
3546256;2110
3546306;33455
3546405;47148
3546504;5662
3546603;31802
3546702;25637
3546801;56014
3546900;8758
3547007;6021
3547106;2945
3547205;1555
3547304;131887
3547403;2544
3547502;27590
3547601;26067
3547650;1536
3547700;21030
3547809;715231
3547908;6829
3548005;22801
3548054;8285
3548104;6029
3548203;6800
3548302;3057
3548401;4687
3548500;434742
3548609;10895
3548708;827437
3548807;159608
3548906;246088
3549003;2850
3549102;90089
3549201;2601
3549250;1904
3549300;2132
3549409;50921
3549508;8885
3549607;4181
3549706;54734
3549805;450657
3549904;703219
3549953;15465
3550001;10740
3550100;40692
3550209;32910
3550308;12106920
3550407;34898
3550506;7624
3550605;88473
3550704;85538
3550803;12317
3550902;15225
3551009;360380
3551108;10034
3551207;3681
3551306;3411
3551405;13810
3551504;43790
3551603;28742
3551702;122643
3551801;13053
3551900;17115
3552007;6228
3552106;40220
3552205;659871
3552304;7733
3552403;273007
3552502;290769
3552551;3836
3552601;12251
3552700;16159
3552809;279634
3552908;6193
3553005;13111
3553104;6255
3553203;5603
3553302;23267
3553401;25723
3553500;7973
3553609;13062
3553658;2823
3553708;56951
3553807;23240
3553856;5715
3553906;7302
3553955;14547
3554003;118939
3554102;307953
3554201;4677
3554300;22914
3554409;9227
3554508;41022
3554607;2690
3554656;2395
3554706;9934
3554755;1691
3554805;45904
3554904;5767
3554953;6689
3555000;65758
3555109;15321
3555208;2016
3555307;1827
3555356;6080
3555406;88313
3555505;4734
3555604;10047
3555703;1793
3555802;9148
3555901;1207
3556008;13655
3556107;12800
3556206;124024
3556305;25632
3556354;10143
3556404;42310
3556453;50346
3556503;118917
3556602;10963
3556701;75129
3556800;18654
3556909;8335
3556958;1833
3557006;119898
3557105;92768
3557154;2636
3557204;12487
3557303;11067
4100103;7768
4100202;6254
4100301;9161
4100400;115364
4100459;2948
4100509;21988
4100608;14693
4100707;10222
4100806;11237
4100905;6084
4101002;18886
4101051;2901
4101101;20769
4101150;2974
4101200;19420
4101309;7587
4101408;132691
4101507;118477
4101606;27906
4101655;3343
4101705;14098
4101804;137452
4101853;2301
4101903;15999
4102000;34064
4102109;26196
4102208;3999
4102307;12602
4102406;32486
4102505;12300
4102604;10314
4102703;2828
4102752;3774
4102802;15656
4102901;16627
4103008;4392
4103024;2671
4103040;6665
4103057;7911
4103107;12477
4103156;3733
4103206;7019
4103222;3358
4103305;7280
4103354;5687
4103370;2943
4103404;2911
4103453;17175
4103479;4245
4103503;8583
4103602;25401
4103701;105347
4103800;7808
4103909;15042
4103958;4062
4104006;42547
4104055;4162
4104105;7829
4104204;127309
4104253;28244
4104303;94153
4104402;16059
4104428;15978
4104451;13505
4104501;19364
4104600;15850
4104659;22282
4104709;14431
4104808;319608
4104907;71501
4105003;10451
4105102;11246
4105201;17885
4105300;11764
4105409;19911
4105508;79571
4105607;12326
4105706;17250
4105805;237402
4105904;23941
4106001;8821
4106100;3866
4106209;17961
4106308;17193
4106407;48677
4106456;7547
4106506;21666
4106555;3617
4106571;4369
4106605;21237
4106704;4619
4106803;18907
4106852;3110
4106902;1908359
4107009;15004
4107108;5389
4107124;3555
4107157;5294
4107207;39856
4107256;8439
4107306;6069
4107405;6168
4107504;14314
4107520;1852
4107538;4406
4107546;4447
4107553;3323
4107603;17306
4107652;95225
4107702;4898
4107736;5904
4107751;8177
4107801;5103
4107850;4782
4107900;6603
4108007;11087
4108106;2697
4108205;7133
4108304;264044
4108320;6350
4108403;88465
4108452;5079
4108502;14038
4108551;3178
4108601;29664
4108650;7448
4108700;6167
4108809;32974
4108908;6591
4108957;8619
4109005;3934
4109104;2292
4109203;5492
4109302;13641
4109401;180364
4109500;7923
4109609;35986
4109658;5643
4109708;31095
4109757;6396
4109807;53356
4109906;8482
4110003;4343
4110052;2304
4110078;12697
4110102;31719
4110201;11331
4110300;3137
4110409;4504
4110508;15139
4110607;14704
4110656;2462
4110706;60425
4110805;10608
4110904;4620
4110953;10587
4111001;6819
4111100;6210
4111209;11685
4111258;27500
4111308;3229
4111407;13797
4111506;32720
4111555;8120
4111605;3240
4111704;5255
4111803;40263
4111902;13398
4112009;34822
4112108;21341
4112207;5897
4112306;5084
4112405;9307
4112504;12019
4112603;1396
4112702;12615
4112751;8861
4112801;11731
4112900;3430
4112959;7650
4113007;7026
4113106;4368
4113205;48067
4113254;6205
4113304;32379
4113403;4131
4113429;3662
4113452;5071
4113502;22903
4113601;4751
4113700;558439
4113734;7455
4113759;5063
4113809;4911
4113908;13738
4114005;13798
4114104;22164
4114203;34559
4114302;25662
4114351;2861
4114401;17269
4114500;13708
4114609;51795
4114708;5932
4114807;34955
4114906;9068
4115002;7166
4115101;10555
4115200;406693
4115309;6638
4115358;5776
4115408;14539
4115457;4725
4115507;4765
4115606;17640
4115705;33450
4115739;3576
4115754;10039
4115804;45586
4115853;5476
4115903;2314
4116000;1875
4116059;10879
4116109;12621
4116208;16540
4116307;3958
4116406;4075
4116505;1536
4116604;3545
4116703;11300
4116802;6295
4116901;28084
4116950;5194
4117008;8356
4117057;11927
4117107;13486
4117206;5829
4117214;4217
4117222;8186
4117255;10745
4117271;6498
4117297;2908
4117305;23200
4117404;3494
4117453;6023
4117503;40156
4117602;48990
4117701;34023
4117800;14189
4117909;31366
4118006;13345
4118105;11265
4118204;152975
4118303;3117
4118402;87850
4118451;5432
4118501;80710
4118600;5842
4118709;7360
4118808;14198
4118857;6105
4118907;11101
4119004;6674
4119103;12455
4119152;129445
4119202;6440
4119251;2757
4119301;32322
4119400;25277
4119509;107751
4119608;32015
4119657;3140
4119707;4303
4119806;13889
4119905;344332
4119954;25393
4120002;13754
4120101;4835
4120150;3491
4120200;2611
4120309;4148
4120333;3718
4120358;5477
4120408;5227
4120507;11286
4120606;52125
4120655;4764
4120705;7472
4120804;22651
4120853;4031
4120903;33543
4121000;12320
4121109;4897
4121208;18733
4121257;4435
4121307;3963
4121356;2800
4121406;17111
4121505;14981
4121604;6979
4121703;26763
4121752;7927
4121802;10941
4121901;13557
4122008;15125
4122107;3337
4122156;13552
4122172;4119
4122206;32504
4122305;33857
4122404;64726
4122503;10779
4122602;9581
4122651;5231
4122701;6702
4122800;4003
4122909;5158
4123006;14713
4123105;3603
4123204;3544
4123303;8113
4123402;11691
4123501;25911
4123600;1727
4123709;8858
4123808;14411
4123824;3955
4123857;10716
4123907;12307
4123956;3915
4124004;5222
4124020;10471
4124053;22992
4124103;45819
4124202;2741
4124301;2281
4124400;20158
4124509;5506
4124608;6839
4124707;11519
4124806;10644
4124905;6025
4125001;11005
4125100;14927
4125209;9291
4125308;5676
4125357;5946
4125407;6485
4125456;3816
4125506;307530
4125555;2189
4125605;45398
4125704;27461
4125753;6286
4125803;10928
4125902;2443
4126009;8985
4126108;5715
4126207;6905
4126256;94181
4126272;5448
4126306;19443
4126355;4637
4126405;5633
4126504;16485
4126603;20508
4126652;3222
4126678;14143
4126702;5064
4126801;15962
4126900;5798
4127007;11834
4127106;77276
4127205;16991
4127304;16578
4127403;17627
4127502;20562
4127601;16348
4127700;135538
4127809;8470
4127858;12256
4127882;7971
4127908;8833
4127957;8277
4127965;13640
4128005;21762
4128104;109955
4128203;57027
4128302;2614
4128401;11662
4128500;19856
4128534;11407
4128559;8918
4128609;7692
4128625;2998
4128633;5781
4128658;4095
4128708;6878
4128807;5957
4200051;2604
4200101;17847
4200200;10581
4200309;5437
4200408;7154
4200507;6445
4200556;2387
4200606;6298
4200705;9960
4200754;1967
4200804;5832
4200903;4943
4201000;7537
4201109;3248
4201208;8327
4201257;10542
4201273;4281
4201307;35268
4201406;67110
4201505;8520
4201604;3564
4201653;2261
4201703;7877
4201802;3254
4201901;5688
4201950;12344
4202008;135268
4202057;10317
4202073;10413
4202081;2751
4202099;1739
4202107;27781
4202131;6304
4202156;2709
4202206;11425
4202305;66558
4202404;348513
4202438;3456
4202453;18623
4202503;4694
4202537;2919
4202578;2151
4202602;9796
4202701;5100
4202800;32648
4202859;3709
4202875;2539
4202909;128818
4203006;77323
4203105;6213
4203154;3380
4203204;78731
4203253;2597
4203303;12012
4203402;7177
4203501;8787
4203600;35710
4203709;11944
4203808;54403
4203907;22524
4203956;24298
4204004;10632
4204103;3850
4204152;2760
4204178;3254
4204194;2953
4204202;213279
4204251;16446
4204301;73766
4204350;4321
4204400;10130
4204459;2548
4204509;15541
4204558;13358
4204608;211369
4204707;11057
4204756;1955
4204806;39566
4204905;8399
4205001;15450
4205100;4081
4205159;4043
4205175;3183
4205191;2076
4205209;4480
4205308;10745
4205357;1594
4205407;485838
4205431;2549
4205456;25988
4205506;36261
4205555;2146
4205605;3058
4205704;22082
4205803;17479
4205902;67392
4206009;14229
4206108;6537
4206207;11394
4206306;22732
4206405;10259
4206504;42872
4206603;5139
4206652;4733
4206702;22443
4206751;1967
4206801;3268
4206900;18721
4207007;54845
4207106;13857
4207205;10571
4207304;44076
4207403;6133
4207502;66497
4207577;2917
4207601;4562
4207650;8930
4207684;7400
4207700;7561
4207759;4067
4207809;10285
4207858;1984
4207908;11133
4208005;6275
4208104;21506
4208203;212615
4208302;61187
4208401;16683
4208450;19355
4208500;24622
4208609;3990
4208708;10539
4208807;19527
4208906;170835
4208955;1625
4209003;29608
4209102;577077
4209151;4887
4209177;2127
4209201;2251
4209300;158508
4209409;45311
4209458;1453
4209508;6790
4209607;15149
4209706;12133
4209805;3140
4209854;4615
4209904;11774
4210001;12413
4210035;5705
4210050;1799
4210100;55907
4210209;3429
4210308;8015
4210407;7139
4210506;25076
4210555;1906
4210605;16455
4210704;2614
4210803;7047
4210852;2374
4210902;4192
4211009;11496
4211058;9785
4211108;8471
4211207;17532
4211256;2915
4211306;77137
4211405;4879
4211454;4339
4211504;14099
4211603;14837
4211652;2532
4211702;22723
4211751;18313
4211801;7363
4211850;2245
4211876;1577
4211892;2376
4211900;164926
4212007;7558
4212056;2586
4212106;16253
4212205;19015
4212239;3613
4212254;8370
4212270;4243
4212304;7360
4212403;4026
4212502;31025
4212601;2855
4212650;9980
4212700;6021
4212809;21884
4212908;19511
4213005;3480
4213104;4102
4213153;2844
4213203;32334
4213302;4767
4213351;3413
4213401;11545
4213500;20294
4213609;35207
4213708;16957
4213807;7364
4213906;1610
4214003;16996
4214102;2304
4214151;2906
4214201;10044
4214300;2871
4214409;6246
4214508;6043
4214607;7463
4214706;11431
4214805;69188
4214904;4606
4215000;42029
4215059;2489
4215075;4670
4215109;11488
4215208;5022
4215307;7634
4215356;3847
4215406;4655
4215455;12233
4215505;16701
4215554;2266
4215604;2139
4215653;8356
4215679;8846
4215687;2557
4215695;1317
4215703;22609
4215752;2449
4215802;82842
4215901;2899
4216008;11132
4216057;5464
4216107;9502
4216206;50701
4216255;6309
4216305;35065
4216354;3690
4216404;7268
4216503;26646
4216602;239718
4216701;13897
4216800;8588
4216909;23698
4217006;12934
4217105;3210
4217154;1848
4217204;39793
4217253;5602
4217303;9664
4217402;20095
4217501;17526
4217550;3301
4217600;13870
4217709;29710
4217758;2551
4217808;18261
4217907;8738
4217956;1695
4218004;36931
4218103;5377
4218202;42801
4218251;7767
4218301;19146
4218350;3863
4218400;7098
4218509;7545
4218608;7211
4218707;104457
4218756;4597
4218806;12746
4218855;2600
4218905;11191
4218954;2487
4219002;21177
4219101;3590
4219150;2543
4219176;4597
4219200;6356
4219309;52066
4219358;5056
4219408;3912
4219507;49738
4219606;4012
4219705;28210
4219853;3300
4220000;12403
4300034;4759
4300059;3841
4300109;17085
4300208;7358
4300307;6736
4300406;78003
4300455;4037
4300471;2079
4300505;7433
4300554;1803
4300570;3040
4300604;208177
4300638;6854
4300646;7576
4300661;1306
4300703;6210
4300802;13306
4300851;3748
4300877;5395
4300901;6601
4301008;20272
4301057;9050
4301073;2906
4301107;14255
4301206;13388
4301305;18922
4301404;10614
4301503;7091
4301552;3718
4301602;122209
4301636;12671
4301651;6109
4301701;6763
4301750;7440
4301800;5474
4301859;3253
4301875;4223
4301909;13365
4301925;1915
4301958;2516
4302006;11486
4302055;2227
4302105;115069
4302154;2167
4302204;6829
4302220;2526
4302238;2579
4302253;2859
4302303;11773
4302352;13189
4302378;2216
4302402;12204
4302451;7914
4302501;6801
4302584;2228
4302600;3647
4302659;4996
4302709;21247
4302808;34634
4302907;13552
4303004;85495
4303103;127318
4303202;5100
4303301;5042
4303400;5064
4303509;66215
4303558;2733
4303608;6680
4303673;3407
4303707;5994
4303806;5641
4303905;64914
4304002;5161
4304101;3514
4304200;31603
4304309;6567
4304358;9406
4304408;43062
4304507;56103
4304606;343853
4304614;1817
4304622;1758
4304630;48401
4304655;3449
4304663;25495
4304671;4362
4304689;11455
4304697;2769
4304705;62339
4304713;7971
4304804;28091
4304853;1547
4304903;9079
4304952;3185
4305009;9335
4305108;483377
4305116;3016
4305124;6443
4305132;4694
4305157;2437
4305173;11486
4305207;14069
4305306;9597
4305355;38899
4305371;3482
4305405;4026
4305439;6456
4305447;5319
4305454;14710
4305504;4983
4305587;2499
4305603;3478
4305702;6836
4305801;10109
4305835;1559
4305850;2458
4305871;2559
4305900;7776
4305934;1728
4305959;4000
4305975;2876
4306007;14195
4306056;7831
4306072;2918
4306106;63463
4306130;2059
4306205;12258
4306304;4844
4306320;3102
4306353;2744
4306379;3130
4306403;30753
4306429;2158
4306452;3430
4306502;15279
4306551;2617
4306601;39822
4306700;3331
4306734;5110
4306759;2071
4306767;38581
4306809;22128
4306908;25872
4306924;1340
4306932;8981
4306957;3035
4306973;3066
4307005;103437
4307054;3215
4307104;6980
4307203;5170
4307302;7660
4307401;3313
4307450;3204
4307500;15843
4307559;6161
4307609;47287
4307708;84237
4307807;33140
4307815;3745
4307831;2699
4307864;2724
4307906;69542
4308003;6867
4308052;2523
4308078;4194
4308102;13273
4308201;29603
4308250;1958
4308300;10836
4308409;7053
4308433;2519
4308458;4588
4308508;30832
4308607;33624
4308656;3182
4308706;5878
4308805;8663
4308854;1705
4308904;16648
4309001;17069
4309050;7654
4309100;35047
4309126;2247
4309159;4251
4309209;275146
4309258;1600
4309308;99334
4309407;24836
4309506;8080
4309555;4664
4309571;3070
4309605;19338
4309654;6561
4309704;4988
4309753;4519
4309803;4846
4309902;7458
4309951;4155
4310009;20355
4310108;34903
4310207;83330
4310306;4202
4310330;20578
4310363;3157
4310405;6598
4310413;2312
4310439;6482
4310462;1975
4310504;7921
4310538;5384
4310553;3552
4310579;2295
4310603;39012
4310652;2583
4310702;3896
4310751;2104
4310801;22514
4310850;4082
4310876;2666
4310900;3704
4311007;28156
4311106;11514
4311122;4083
4311130;3645
4311155;8679
4311205;20012
4311239;2852
4311254;6516
4311270;1650
4311304;28454
4311403;79819
4311429;2596
4311502;7807
4311601;5686
4311627;5765
4311643;1712
4311700;5640
4311718;4804
4311734;3079
4311759;7383
4311775;7016
4311791;2677
4311809;41059
4311908;4941
4311981;3932
4312005;2190
4312054;4159
4312104;5124
4312138;2574
4312153;4276
4312179;1780
4312203;4804
4312252;8059
4312302;4975
4312351;1545
4312377;3249
4312385;2689
4312401;63868
4312427;2986
4312443;3166
4312450;6566
4312476;6183
4312500;12794
4312609;5006
4312617;3156
4312625;1903
4312658;17185
4312674;1752
4312708;12247
4312757;3481
4312807;4471
4312906;9599
4312955;1932
4313003;3344
4313011;2807
4313037;5125
4313060;20405
4313086;2568
4313102;6605
4313201;20675
4313300;25559
4313334;2417
4313359;3603
4313375;26450
4313391;4125
4313409;249508
4313425;3757
4313441;2312
4313466;1790
4313490;4181
4313508;44468
4313607;4172
4313656;11449
4313706;34844
4313805;7184
4313904;41781
4313953;9845
4314001;7404
4314027;7677
4314035;3760
4314050;56277
4314068;5554
4314076;6430
4314100;198799
4314134;2308
4314159;8485
4314175;2168
4314209;7999
4314308;4043
4314407;344385
4314423;5595
4314456;2616
4314464;2104
4314472;4544
4314498;4803
4314506;12913
4314548;2868
4314555;2625
4314605;20799
4314704;10623
4314753;2112
4314779;3990
4314787;1706
4314803;34692
4314902;1484941
4315008;5227
4315057;2536
4315073;1676
4315107;10718
4315131;1819
4315149;2752
4315156;6379
4315172;2034
4315206;4159
4315305;23532
4315313;1856
4315321;2824
4315354;3826
4315404;11187
4315453;2187
4315503;16315
4315552;3317
4315602;209378
4315701;39000
4315750;4607
4315800;11101
4315909;5967
4315958;2515
4316006;20920
4316105;10695
4316204;5497
4316303;7245
4316402;40727
4316428;2676
4316436;2849
4316451;12490
4316477;2776
4316501;7434
4316600;16237
4316709;8694
4316733;1695
4316758;6285
4316808;127429
4316907;278445
4316956;6358
4316972;2519
4317004;8414
4317103;82312
4317202;72753
4317251;1780
4317301;31274
4317400;50658
4317509;79101
4317558;2196
4317608;42333
4317707;11051
4317756;2059
4317806;14334
4317905;14738
4317954;2468
4318002;62808
4318051;3080
4318101;19382
4318200;21679
4318309;62957
4318408;23763
4318424;4831
4318432;2646
4318440;2842
4318457;2714
4318465;2158
4318481;4543
4318499;2205
4318507;27206
4318606;7117
4318614;2298
4318622;3496
4318705;230914
4318804;44580
4318903;35057
4319000;21364
4319109;5779
4319125;3309
4319158;7754
4319208;5677
4319307;6280
4319356;3639
4319364;1998
4319372;2991
4319406;16763
4319505;24967
4319604;24403
4319703;3581
4319711;2265
4319737;2760
4319752;2154
4319802;8817
4319901;80311
4320008;139476
4320107;23398
4320206;11144
4320230;3050
4320263;7428
4320305;5152
4320321;2880
4320354;5528
4320404;16184
4320453;2198
4320503;6065
4320552;6317
4320578;2114
4320602;3868
4320651;2481
4320677;10408
4320701;15018
4320800;31361
4320859;4526
4320909;22077
4321006;10814
4321105;17425
4321204;57544
4321303;27207
4321329;3101
4321352;5567
4321402;14008
4321436;10783
4321451;30846
4321469;2946
4321477;6294
4321493;2970
4321501;37564
4321600;47521
4321626;2391
4321634;2851
4321667;10904
4321709;26589
4321808;24497
4321832;2898
4321857;4457
4321907;24632
4321956;5961
4322004;28289
4322103;5965
4322152;4604
4322186;1573
4322202;23705
4322251;4472
4322301;8494
4322327;3585
4322343;2232
4322350;1374
4322376;2467
4322400;129784
4322509;65397
4322525;3461
4322533;11727
4322541;5638
4322558;2101
4322608;70481
4322707;26024
4322806;25073
4322855;1956
4322905;5205
4323002;253717
4323101;5152
4323200;3051
4323309;3382
4323358;2185
4323408;4407
4323457;4370
4323507;2877
4323606;1611
4323705;2882
4323754;3422
4323770;2977
4323804;14650
5000203;14992
5000252;5188
5000609;38465
5000708;24954
5000807;8927
5000856;10458
5000906;8808
5001003;25072
5001102;47482
5001243;11771
5001508;6795
5001904;22389
5002001;11248
5002100;24331
5002159;7820
5002209;21483
5002308;11864
5002407;29292
5002605;13694
5002704;874210
5002803;5972
5002902;21748
5002951;23940
5003108;5730
5003157;15016
5003207;109899
5003256;20159
5003306;33323
5003454;12773
5003488;11132
5003504;5827
5003702;218069
5003751;12224
5003801;19181
5003900;3027
5004007;9960
5004106;9991
5004304;15838
5004403;7618
5004502;23539
5004601;20637
5004700;23021
5004809;8836
5004908;7019
5005004;25758
5005103;4025
5005152;6553
5005202;22590
5005251;7177
5005400;44994
5005608;27525
5005681;18103
5005707;53188
5005806;14092
5006002;20772
5006200;52625
5006259;4041
5006275;5350
5006309;41755
5006358;13852
5006408;7683
5006606;89592
5006903;16879
5007109;23881
5007208;36144
5007307;4834
5007406;19569
5007505;5346
5007554;7732
5007695;25898
5007703;10790
5007802;6482
5007901;54575
5007935;18393
5007950;11284
5007976;3570
5008008;20855
5008305;117477
5008404;6041
5100102;5269
5100201;24501
5100250;50189
5100300;18164
5100359;6466
5100409;11532
5100508;10921
5100607;10246
5100805;9694
5101001;3036
5101209;931
5101258;16223
5101308;9455
5101407;21357
5101605;7872
5101704;33644
5101803;58974
5101852;6266
5101902;18688
5102504;91271
5102603;15386
5102637;33551
5102678;39933
5102686;6512
5102694;4630
5102702;20707
5102793;10136
5102850;8454
5103007;19049
5103056;11716
5103106;5535
5103205;32298
5103254;36161
5103304;19932
5103353;29471
5103361;3860
5103379;18689
5103403;590118
5103437;5049
5103452;9115
5103502;21294
5103601;7977
5103700;13451
5103809;3444
5103858;7296
5103908;5333
5103957;2964
5104104;34500
5104203;14615
5104500;2648
5104526;7171
5104542;6396
5104559;3800
5104609;12789
5104807;26633
5104906;7996
5105002;8776
5105101;33851
5105150;39779
5105176;14913
5105200;10971
5105234;5887
5105259;61515
5105309;2043
5105507;15534
5105580;10422
5105606;15870
5105622;26768
5105903;14917
5106000;5895
5106109;12484
5106158;14473
5106174;3655
5106182;6338
5106190;3596
5106208;3827
5106216;12388
5106224;42607
5106232;19465
5106240;11352
5106257;20639
5106265;8730
5106273;3876
5106281;5066
5106299;10884
5106307;21612
5106315;2498
5106372;16965
5106422;33630
5106455;2604
5106505;32241
5106653;6387
5106703;1560
5106752;43832
5106778;11995
5106802;5283
5106828;11603
5106851;2973
5107008;15985
5107040;59293
5107065;16512
5107107;18452
5107156;2646
5107180;9796
5107198;2320
5107206;5019
5107248;4360
5107263;3050
5107297;3908
5107305;19728
5107354;5416
5107404;4541
5107578;3854
5107602;222316
5107701;16908
5107743;2421
5107750;3347
5107768;3231
5107776;8049
5107792;4875
5107800;18392
5107859;11290
5107875;24305
5107883;1575
5107909;135874
5107925;85223
5107941;9309
5107958;98828
5108006;12967
5108055;9606
5108105;3682
5108204;3576
5108303;3468
5108352;3041
5108402;274013
5108501;10901
5108600;24835
5108808;4457
5108857;3159
5108907;8182
5108956;8822
5200050;8207
5200100;18775
5200134;22076
5200159;2564
5200175;5613
5200209;1967
5200258;195810
5200308;26770
5200506;2071
5200555;5784
5200605;7514
5200803;8645
5200829;3754
5200852;6018
5200902;3408
5201108;375142
5201207;1126
5201306;21746
5201405;542090
5201454;2517
5201504;4143
5201603;3731
5201702;19884
5201801;9765
5202155;7862
5202353;2957
5202502;9138
5202601;3422
5202809;2494
5203104;4677
5203203;10435
5203302;28514
5203401;8896
5203500;23998
5203559;9052
5203575;4143
5203609;3604
5203807;5817
5203906;9535
5203939;2583
5203962;3389
5204003;7935
5204102;12002
5204201;1414
5204250;8355
5204300;15287
5204409;18505
5204508;84900
5204557;3703
5204607;3622
5204656;3740
5204706;12321
5204805;7149
5204854;7345
5204904;19786
5204953;3399
5205000;9862
5205059;3610
5205109;102393
5205208;5041
5205307;9829
5205406;22155
5205455;8386
5205471;9110
5205497;66777
5205513;19583
5205521;3529
5205703;2514
5205802;11086
5205901;9332
5206206;55347
5206305;3029
5206404;16893
5206503;3606
5206602;2975
5206701;3389
5206800;2935
5206909;2133
5207105;2547
5207253;7750
5207352;3809
5207402;12231
5207501;3379
5207535;6947
5207600;6070
5207808;12923
5207907;15111
5208004;115789
5208103;4623
5208152;3777
5208301;4995
5208400;11471
5208509;5605
5208608;67507
5208707;1466105
5208806;41169
5208905;24103
5209101;34312
5209150;5656
5209200;14482
5209291;2206
5209408;4145
5209457;2052
5209606;3757
5209705;20472
5209804;3852
5209903;13675
5209937;6148
5209952;15213
5210000;52311
5210109;26747
5210158;2948
5210208;32242
5210307;2910
5210406;40872
5210562;4730
5210604;5456
5210802;4876
5210901;21691
5211008;6312
5211206;26586
5211305;6998
5211404;9019
5211503;102513
5211602;2554
5211701;6254
5211800;48216
5211909;98128
5212006;3004
5212055;2476
5212105;7468
5212204;19239
5212253;1490
5212303;7773
5212501;199615
5212600;2432
5212709;8271
5212808;10228
5212907;2226
5212956;4490
5213004;13379
5213053;2702
5213087;30696
5213103;62750
5213400;1666
5213509;8464
5213707;8236
5213756;12566
5213772;4447
5213806;45382
5213855;2351
5213905;4700
5214002;15125
5214051;5661
5214101;3906
5214408;8850
5214507;28271
5214606;45913
5214705;2373
5214804;2206
5214838;12810
5214861;8521
5214879;2961
5214903;3437
5215009;9389
5215207;3242
5215231;110096
5215256;4387
5215306;15472
5215405;3971
5215504;6340
5215603;32148
5215652;3514
5215702;27304
5215801;2424
5215900;3667
5216007;2712
5216304;9919
5216403;11221
5216452;3135
5216809;10548
5216908;2529
5217104;24885
5217203;11022
5217302;24761
5217401;31151
5217609;88863
5217708;17991
5218003;45305
5218052;3758
5218102;4044
5218300;35574
5218391;3360
5218508;48508
5218607;11036
5218706;4828
5218789;4112
5218805;217048
5218904;19994
5219001;7798
5219100;6393
5219209;3048
5219258;5309
5219308;38743
5219357;3857
5219407;8218
5219456;3359
5219506;2626
5219605;3710
5219704;9622
5219712;4780
5219738;5787
5219753;71887
5219803;12585
5219902;6366
5220009;12643
5220058;1547
5220108;33118
5220157;5071
5220207;22684
5220264;4037
5220280;2070
5220405;19697
5220454;105459
5220504;8323
5220603;20478
5220686;6891
5220702;2998
5221007;3625
5221080;3363
5221197;7634
5221304;2900
5221403;121266
5221452;3571
5221502;4818
5221551;5050
5221577;2961
5221601;40082
5221700;14195
5221809;3154
5221858;159500
5221908;3856
5222005;13675
5222054;8397
5222203;5731
5222302;5690
5300108;3039444
